832;Барабан тормозной задний;Хендай;Elantra XD;Запчасти|Тормозная Система|Диски Барабаны Тормозные|барабан тормозной;555 tf;1782;2
22938;Фильтр топливный;Тойота;Королла;Запчасти|Фильтры и Ремни|Фильтры и Корпусы Фильтров|фильтр топливный;555 tf;1522;1
1659;Фильтр топливный 3191128000 LANTRA;;;Запчасти|Фильтры и Ремни|Фильтры и Корпусы Фильтров|фильтр топливный;original;2322;1
1661;Дефлекторы комплект DEFLE38000 SONATA4;;;Запчасти|Кузовные Детали|Дефлекторы Разные|дефлекторы;angara;630;2
2224;Фильтр воздушный 2811337101_OEM SONATA4,5, XG;;;Запчасти|Фильтры и Ремни|Фильтры и Корпусы Фильтров|фильтр воздушный;None;316;1
24549;Смазка Проникающая;Все Марки;все модели;Жидкости Автохимия|Масло и Жидкости|Смазки разные;champion;190;3
24663;Фильтр салонный 27277EN025/CU1936_OEM MANN FILTER NISSAN X-TRAIL;;;Запчасти|Фильтры и Ремни|Фильтры и Корпусы Фильтров|фильтр салонный;None;882;1
24684;Синтетическое моторное масло 10W40;Все Марки;все модели;Жидкости Автохимия|Масло и Жидкости|двигатель масло;zic;3850;3
24688;Колодки;Киа;Бонго3;Запчасти|Тормозная Система|Колодки Тормозные Накладки|колодки передние;SANGSIN;3546;1
24700;масло моторное Полусинтетическое 10W-40, 4 л;Хендай;Портер1;Жидкости Автохимия|Масло и Жидкости|двигатель масло;zic;3850;4
13631;Цилиндр сцепления;Киа;Бонго3;Запчасти|Тормозная Система|Тормозные Запчасти Разные|цилиндр главный;tcic;2590;1
295;Колпак колеса волнистый 6614014124;Санг Йонг;Истана;Запчасти|Колеса Шины|Колеса Шины Диски|диски колпаки;ssang yong;2429;3
296;Эмблема бумажная;Санг Йонг;Истана;Запчасти|Кузовные Детали|Эмблеммы и Наклейки|эмблема;555 tf;611;7
298;Эмблема бумажная;Санг Йонг;Истана;Запчасти|Кузовные Детали|Эмблеммы и Наклейки|эмблема;ssang yong;589;22
300;Кольца поршневые;Санг Йонг;Истана;Запчасти|Детали Двигателя|Коленвал и Поршневая Группа|кольца поршневые;ssang yong;6295;1
304;Фильтр топливный;Санг Йонг;Истана;Запчасти|Фильтры и Ремни|Фильтры и Корпусы Фильтров|фильтр топливный;ssang yong;283;2
311;Трос капота;Санг Йонг;Истана;Запчасти|Кузовные Детали|Капот и Детали Капота|трос капота;ssang yong;1115;1
315;Втулка стабилизатора;Санг Йонг;Истана;Запчасти|Подвеска|Стабилизатор Подвески|втулка стабилизатора переднего;ctr;463;2
327;Втулка наконечника рулевого;Санг Йонг;Истана;Запчасти|Рулевое Управление|Детали Рулевого Управления|наконечник рулевой;555 tf;395;5
328;Пыльник шаровой опоры;Санг Йонг;Истана;Запчасти|Подвеска|Шаровые Опоры|опора шаровая пыльник;555 tf;395;2
329;Пыльник рычага стояночного тормоза;Санг Йонг;Истана;Запчасти|Тормозная Система|ручник;ssang yong;1871;2
335;Болт нижнего рычага 6613303218 ISTANA;Санг Йонг;Истана;Запчасти|Крепеж|Крепеж разный;ssang yong;733;2
336;Гайка ступицы;Санг Йонг;Истана;Запчасти|Крепеж|Крепеж разный;ssang yong;895;3
350;Патрубок радиатора нижний 2541343031 GRACE;Хендай;Grace;Запчасти|Охлаждение|Радиатор Помпа Расширитель|патрубок радиатора нижний;original;342;1
351;Подшипник выжимной;Хендай;Grace;Запчасти|Трансмиссия|Сцепление и Запчасти|подшипник выжимной;angara;540;1
366;Предохранители Комплект 10 Штук ;Хендай;Портер1;Запчасти|Электрооборудование|Предохранители Разные|предохранители;airline;226;6
370;Пыльник шар нижн GR;Хендай;Grace;Запчасти|Подвеска|Детали Подвески Разные|пыльники;angara;172;13
372;Пыльник наконеч рул арм GR;Хендай;Grace;Запчасти|Рулевое Управление|Детали Рулевого Управления|пыльник рулевого наконечника;angara;136;5
379;Подшипник маховика;Киа|Хендай;Бонго3|Grace;Запчасти|Трансмиссия|Сцепление и Запчасти|подшипник маховика;original;522;11
395;Дверь передняя правая;Хендай;Туксон;Запчасти|Салон Интерьер|Двери и Детали Дверей|дверь передняя;original;14202;1
405;Подкрылок передний левый;Хендай;Акцент;Запчасти|Кузовные Детали|Крылья Арки Подкрылки|подкрылок;original;540;2
406;Подкрылок передний правый;Хендай;Акцент;Запчасти|Кузовные Детали|Крылья Арки Подкрылки|подкрылок;original;540;4
407;Подкрылок передний левый;Хендай;Акцент;Запчасти|Кузовные Детали|Крылья Арки Подкрылки|подкрылок;original;540;1
24251;Предохранители Комплект 10 Штук ;Хендай;Портер2;Запчасти|Электрооборудование|Предохранители Разные|предохранители;airline;226;4
1842;Лампа фары 1864755009 SONATA, CERATO;;;Запчасти|Фары, Освещение, Сигнализация|Лампы Фар и Подсветки|лампа фары;original;414;2
1843;Абсорбер бампера заднего 8662025000 ACCENT;;;Запчасти|Кузовные Детали|Бамперы и Детали|бампера абсорбер;original;1782;1
2647;Патрубок воздушный 2816343150_OEM ГРЕЙС;Хендай;Grace;Запчасти|Фильтры и Ремни|Фильтры и Корпусы Фильтров|патрубки воздушные;None;3942;1
22836;Опора кпп;Форд;Galaxy;Запчасти|Трансмиссия|Коробка Передач и Запчасти|коробка передач;ford;5665;1
22837;Сайлентблок нижнего рычага;Форд;Транзит;Запчасти|Подвеска|Сайлентблоки Подвески|сайлентблок задний;555 tf;4280;1
22838;Сайлентблок нижнего рычага;Форд;Транзит;Запчасти|Подвеска|Рычаги Подвески|сайлентблок переднего рычага;555 tf;4280;1
288;Вентилятор охлаждения двигателя в сборе 2538025000_OEM ACCENT;;;Запчасти|Охлаждение|Вентиляторы Гидромуфты|вентилятор охлаждения;None;2285;1
